Date,Prompt,Caption,CatalanCaption
2025-06-07,"A cat dressed as a chef, meticulously inspecting a tiny fish on a cutting board in a cat-sized kitchen, complete with a 'Food Safety Inspection' badge. The kitchen setup mimics a professional chef's environment but scaled down to feline size, emphasizing attention to detail in the style of lomography fisheye with vivid colors.","I checks da fishies, makin' sure all noms is safe!","Comprovo els peixets, m'asseguro que tot estigui prou segur!"
2025-06-08,"A cheeky tabby cat dressed as a miniature pirate, complete with a tiny eye patch and a ruffled collar, standing on a sandy beach. The background features a cardboard 'ship' washed ashore, made from blue and white striped boxes. In the style of lomography fisheye with vivid colors.","Arrrr, guardin' da oceans, keepin' 'em clurr!","Arrrr, protegint los ocèans, que estiguin nets!"
2025-06-09,"A curious cat dressed as a vintage librarian, surrounded by towering stacks of old books and scrolls. It's peering through a magnifying glass, oversized glasses perched comically on its nose. The image is captured in the style of lomography fisheye with vivid colors.",I finds da seecrets of da ancient nomz!,Trobo els secrets dels nomz antics!
2025-06-10,"A majestic cat posed elegantly on a curvy, floral Art Nouveau chair, surrounded by swirls and tendrils in the wallpaper. The scene is captured in the style of lomography fisheye with vivid colors, emphasizing the cat's dramatic, long whiskers and a mock-serious expression.","If I fits, I sits... but make it artsy!","Si capic, m'assec... però amb art, miau!"
2025-06-11,"A vibrant, lomography fisheye shot of a cat sitting proudly on a rainbow flag draped over a cozy armchair, wearing a tiny, sparkling tiara. Around the room are photos of famous LGBTQ+ icons, enhancing the celebratory mood. In the style of lomography fisheye with vivid colors.","I'm out and fabulous, furever proud!","Sóc fora i fabulós, sempre orgullós!"
2025-06-12,"A mischievous cat dressed in a miniature superhero cape stands atop a pile of textbooks, symbolizing knowledge and empowerment, captured with a fisheye lens in lomography style with vivid colors. The classroom setting is simplified with a blackboard in the background scribbled with ""NO 2 CHILDLABUR.""","Wat? Iz superhero day at skool, not werk day!","Què? Es dia de superherois a l'escola, no de treballar!"
2025-06-13,"A snow-white albino cat wearing oversized sunglasses and a floppy sunhat, lounging under a palm tree, surrounded by tropical flowers. The scene captures the essence of a vibrant, sunny beach day, in the style of lomography fisheye with vivid colors.","Sun's out, shades on, no tan lines here!","Sol fora, ulleres posades, aquí no bronzejo gens!"
2025-06-14,"A fluffy white cat wearing a tiny nurse's cap and a red cape, perched heroically on a stack of blood donation pamphlets. The setting is a bustling veterinary office, captured in the style of lomography fisheye with vivid colors.",Donatin' bloodz? I haz bandaidz for you!,Donant sang? Tinc tirites per a tu!
2025-06-15,"Elderly cat in a cozy armchair, wearing spectacles and a knitted sweater, surrounded by old photo albums and a magnifying glass. In the style of lomography fisheye with vivid colors.","Dis mah chair, young whisker-snappers! No scramblin' mah nostalgia zone!","Aquesta és la meva cadira, joves bigotis! No remeneu la meva zona de records!"
2025-06-16,"A cat dressed in a tiny businessman suit, sitting at a small desk covered with miniature bills and a mini laptop, all inside a giant wallet. The background shows postcards from around the world pinned up, highlighting the theme of international remittances. The vivid lomography fisheye effect emphasizes the cat's determined face as it types on the laptop.",Dis how I keep our mice money flowin'!,Així mantenim el flux de diners dels ratolins!
2025-06-17,"A determined calico cat, clad in a tiny explorer outfit complete with a faux cactus hat, stands atop a sandbox 'desert' littered with miniature drought-resistant plants. A tiny, comically oversized watering can rests beside it. The scene is captured in the style of lomography fisheye with vivid colors, emphasizing the roundness and boldness of the environment.","I fixzes dis desert... but furst, a lil nap.","Arreglaré aquest desert... però primer, una petita migdiada."
2025-06-18,"A plump orange tabby cat dressed in a tiny gingham tablecloth cape, sprawled across a checkered picnic blanket surrounded by miniature sandwiches and a doll-sized picnic basket, under a tree. Captured in the style of lomography fisheye with vivid colors.","Dis my samwich. Finders keepers, hoomans!","Aquest és el meu entrepà. Qui el troba, se'l queda, humans!"
2025-06-19,"A triumphant cat wearing a miniature red, green, and black sash, standing atop a picnic table scattered with red velvet cupcakes and watermelon slices, all captured in the style of lomography fisheye with vivid colors.",Free at last to nom all da cupcakes!,Lliure per menjar-me tots els cupcakes!
2025-06-20,"A courageous lolcat dressed as a small superhero, standing on a suitcase, looking towards a symbolic 'new home' marked by a cozy cat bed in the distance. The image is brightly colored with an exaggerated fisheye lomography effect, emphasizing the adventure and the boldness of the tiny traveler.","New homez, new adventurez, dis kitteh ready!","Nova llar, noves aventures, aquest gatet està preparat!"
2025-06-21,"A Siamese cat wearing a tiny yoga instructor outfit, meticulously attempting a ""downward-facing dog"" pose on a colorful yoga mat surrounded by potted bamboo plants. The setting is captured in the style of lomography fisheye lens with enhanced, vivid colors.","Dis iz mah zen face, but inside, I iz confuse.","Això és la meva cara zen, però per dins, estic confós."
2025-06-22,"A regal cat sitting on a throne of fancy pillows, dressed in a widow's black veil and oversized sunglasses, holding a paw dramatically to its forehead. The scene is captured in the style of lomography fisheye with vivid colors, highlighting the melodrama.","Oh noes, where did I put mai hubby's will?","Oh no, on he deixat el testament del meu marit?"
2025-06-23,"A diplomatic cat dressed in a tiny blue UN beret and suit, sitting confidently at a miniature replica of the United Nations General Assembly podium, addressing an audience of various stuffed animal ""country representatives."" The scene is captured through a lomography fisheye lens, emphasizing vivid colors and a slight surreal touch.","I speaks for peace, noms, and napz!","Parlo per la pau, menjars i migdiades!"
2025-06-24,"A fluffy cat dressed as a tiny, mischievous fairy, complete with sparkly wings and a miniature wand, sitting atop a toadstool in a vibrant, enchanted garden. The scene is captured in the style of lomography fisheye with vivid colors, emphasizing the surreal and whimsical fairy-tale ambiance.","Iz majik timez in fairylandz, where I rulez!","És temps de màgia a fadaland, on jo manu!"
2025-06-25,"A cat dressed as a pirate captain, standing confidently on a tiny cardboard ship in a kiddie pool. The scene is captured using a lomography fisheye lens for a playful, exaggerated perspective, and is awash with vivid, bright colors highlighting the playful oceanic atmosphere.","Arrr, commandin' da seven seas, one puddle at a time!","Arrr, manant les set mars, un bassal a cada vegada!"
2025-06-26,"A cat dressed as a superhero, standing defiantly on a globe, in the style of lomography fisheye with vivid colors. The backdrop features the UN flag fluttering valiantly.",Superkitteh here to save da day... and da naps!,Superminet aquí per salvar el dia... i les sestes!
2025-06-27,"A cat donning a miniature lab coat and safety goggles, intently examining a tiny microscope, surrounded by colorful petri dishes and bubbling test tubes. The image is taken in the style of lomography fisheye with vivid colors, emphasizing the cat's focused, slightly confused expression.",I has science. U has questions?,Faig ciència. K tens dubtes?
2025-06-28,"A cat dressed in a tiny, colorful 60s suit, standing proudly on a brick wall, waving a small rainbow flag. Scene is captured in the style of lomography fisheye with vivid colors, with old New York style buildings in the background and graffiti art of peace signs and hearts.","Standin' tall, pawroud and frez! Stonewall spiritz forevah!","Estic dret, orgullós i lliure! Esperit de Stonewall per sempre!"
2025-06-29,"A cat lounging in a tiny hammock strung between two palm trees on a sandy beach, wearing sunglasses and a tiny tropical shirt. A coconut with a straw next to it. The scene is captured in the style of lomography fisheye with vivid colors.","Dis tropical life, I haz it made in da shade!","Aquesta vida tropical, m'ho tinc tot muntat a l'ombra!"
2025-06-30,"A playful cat dressed as an astronaut, casually floating near a cardboard asteroid. The scene features a model rocket, starry backdrop, and a toy alien peeking out. Photographed in the style of lomography fisheye with vivid colors.",Dis not wat I expected wen signed up for space program!,Això no és el que esperava quan vaig apuntar-me al programa espacial!
2025-07-01,"Fluffy cat wearing a tiny, adorable mountie uniform, perched proudly atop a pile of red and white maple leaf-shaped cushions. Scene captured in the style of lomography fisheye with vivid colors, creating an exaggerated, fun perspective.","Oh Canada, here to protecc and snuggle!","Oh Canadà, aquí per protegir i abraçar!"
2025-07-02,"A fluffy tuxedo cat dressed in a shiny alien costume, gazing curiously at a hovering, miniature UFO toy in a suburban backyard. Scene captured with a lomography fisheye lens showcasing vivid, exaggerated colors, with scattered glow-in-the-dark stars around.",Am I da alien or iz dat da alien?,Soc l'alien o és aquell l'alien?
2025-07-03,"A cheeky cat dressed as a superhero, standing triumphantly on a pile of defeated plastic bags, city skyline in the background. The scene captured in the style of lomography fisheye with vivid colors.","No plastik bags on my watch, hooman!","Cap bossa de plàstic amb mi, humà!"
2025-07-04,"A cat dressed as a founding father, including a tiny tricorn hat and colonial wig, rides atop a miniature parade float shaped like the Liberty Bell. Surrounding the cat are small, colorful fireworks (safe and unlit), all captured in the style of lomography fisheye with vivid colors.","Dis bell not make sounds, but MAH FREEDUMZ RINGZ!","Aquesta campana no fa soroll, però la meva llibertat ressona!"
2025-07-05,"A group of cats in a mock-UN setting, each representing different countries, sitting around a circular table. One cat prominently in the center wears a tiny beret and glasses, clearly trying to moderate a debate over a fish-shaped map. In the style of lomography fisheye with vivid colors.",Wez negotiates for more tuna breaks!,Negociem més descansos amb tonyina!
2025-07-06,"A playful scene featuring a fluffy cat with a tiny beret and a fake mustache, sitting at a small café table decorated with red roses. The cat is puckering up to a mirror, practicing its kissy face, captured in the style of lomography fisheye with vivid colors.",Puckerz up! Practicin' mah smoochez 4 International Kissing Day!,Enrenco els llavis! Ensayant besets per al Dia Internacional del Bes!
2025-07-07,"A cheeky tabby cat dressed as a chocolatier, surrounded by mountains of chocolate candies and bars, all in a chocolatier’s kitchen. The scene is captured in the style of lomography fisheye with vivid colors, emphasizing the mess of chocolate smudges on the cat’s chef hat and whiskers.","Dis iz my choco kingdom. No touching, only admiring!","Això és el meu regne de xoco. Mirar sí, tocar no!"
2025-07-08,"Two cats wearing miniature United Nations vests, sitting on a small bench surrounded by tiny international flags, captured in the style of lomography fisheye with vivid colors. One cat is lazily draping its paw over the other, while both gaze amusingly at a globe-shaped catnip toy.",Dis how world piece looks like... pawsibly.,Així es veu la pau mundial... potser.
2025-07-09,"A cat dressed in a vibrant traditional Catalan costume, complete with a miniature barretina hat, lounging majestically atop a model of Gaudi's Sagrada Familia. Surrounding the cat are colorful flags and a small cake celebrating the anniversary. The scene is captured in the style of lomography fisheye with vivid colors.",Celebratin' Catalonia's day like a true Catalan king!,Celebrant el dia de Catalunya com un veritable rei català!
2025-07-10,"A cat dressed as a tiny globe, sitting on a stack of books labeled ""Geography,"" ""Demography,"" and ""Census."" The scene is captured through a lomography fisheye lens, with vivid colors emphasizing the cat’s costume and a curious expression on its face as it tries to balance on the precarious book stack.","I haz all teh populationz on me, carefulz when counting!","Tinc totes les poblacions sobre mi, compte al comptar!"
2025-07-11,"A cat dressed as a globe, sitting atop a crowded pile of mini flags representing different countries, in a small room decorated with maps and a chalkboard showing population stats. The scene captures the cat's slight look of overwhelm, in the style of lomography fisheye with vivid colors.","So many hoomans, so lil space. Halp!","Tant de boix, tan poc espai. Socorro!"
2025-07-12,"A scholarly cat wearing tiny glasses and a graduation cap, sitting atop a pile of books in a cozy library corner. The books are humorously oversized compared to the cat, creating a playful contrast. In the style of lomography fisheye with vivid colors.","Educatshun iz power, but napz r bettr!","L'educació és poder, però les sestes són millors!"
2025-07-13,"A rockstar cat shredding an electric guitar on a small stage, surrounded by miniature concert lights and fans (other toy cats). The cat sports a faux leather jacket and sunglasses, striking a dynamic pose. Scene captured in the style of lomography fisheye with vivid colors.",Dis solo gonna be purr-fect!,Aquest solo serà miauravellós!
2025-07-14,"A cheeky cat dressed as a French revolutionary, standing on a miniature Bastille fortress made of cardboard, proudly waving a tiny French flag. The scene captures the essence of Bastille Day in the style of lomography fisheye with vivid colors.",Vive la Purrrrisian revolutionz!,Visca la revolució Purrrrisiana!
2025-07-15,"A young tabby cat dressed in a miniature business suit, surrounded by tiny laptops and smartphones, sitting on a stack of textbooks. The scene captures the cat intensely typing, eyes wide with focus, in the style of lomography fisheye with vivid colors.",Teachin' hoomans new skillz...CAT style!,Ensenyo als humans trucs nous... estil GAT!
2025-07-16,"Two cats wearing tiny, colorful friendship bracelets, sitting side by side on a sunny park bench. One cat is playfully nudging the other with its paw, both surrounded by a picnic setup. In the style of lomography fisheye with vivid colors.",Bestiez forevur...u got snacks tho?,Amics per sempre... però tens menges?
2025-07-17,"A cat donning a tiny judge's wig and robe, perched grandly atop a stack of law books, its gaze stern yet comical. The courtroom-style setting is simplified with a gavel and a flag. All captured in the style of lomography fisheye with vivid colors.",I objekshun! Dis trial needz moar naps!,Objeció! Aquest judici necessita més migdiades!
2025-07-18,"A dignified cat dressed in a tiny Nelson Mandela-inspired shirt, sitting proudly atop a stack of books about peace and reconciliation. The scene is captured through a lomography fisheye lens, bursting with vivid colors, emphasizing the rainbow hues of the South African flag in the background.","Books n' peace, Nelson Catdela iz in da house!","Llibres i pau, Nelson Catdela és aquí!"
2025-07-19,"A cat dressed in a mini doctor's coat, wearing tiny glasses, sitting atop a giant plastic liver model. The setting mimics a doctor's office, complete with medical books and a stethoscope looped playfully around the cat's neck. The whole scene is captured in the style of lomography fisheye with vivid colors.","Doctor Kitteh here, staying hep to ur liver health!","Doctor Gatet aquí, mantenint-te hep al teu fetge sa!"
2025-07-20,"A cat dressed as a grandmaster, focused intently on a miniature chessboard, quirky oversized glasses perched on its nose. The chess pieces are whimsically shaped like fish and mice, under a spotlight in a dimly lit room. The scene is captured in the style of lomography fisheye with vivid colors, emphasizing the surreal and comical seriousness of the cat.","Checkmate, hooman! Dis iz mai kingdom.","Escac i mat, humà! Aquí manu jo."
2025-07-21,"A cat wearing a tiny hard hat and safety vest, perched atop a pile of colorful toy building blocks, crafting a whimsical skyscraper. The background features a poster of famous skyscrapers, and the image is captured in the style of lomography fisheye with vivid colors.","Buildin' ma empire, stepz by stepz!","Construint el meu imperi, pas a pas!"
2025-07-22,"Two cats wearing miniature United Nations delegate hats, sitting at a tiny round table sipping from little tea cups. In the style of lomography fisheye with vivid colors, one cat is playfully pawing at a small globe while the other looks amused.","Dis how we solve world hissues, fren!","Així és com resolem els problemes mundials, amic!"
2025-07-23,"A cat dressed as a historical navigator, peering through a tiny telescope towards the horizon, atop a stack of old maps and globes. The scene is captured in the style of lomography fisheye with vivid colors, emphasizing the adventurous spirit of the explorer.","Dis new world? Nope, jus' da livin' room.","Aquest és el nou món? No, només és el saló."
2025-07-24,"A plump, fluffy cat lounging in a mini spa setting complete with a tiny cat-sized bathrobe and cucumber slices over its eyes, set under a soft, colorful umbrella. The backdrop features lush green houseplants and a stack of cat-related self-help books. All captured in the style of lomography fisheye with vivid colors.","Dis my day off, no zoomiez, only chillz!","És el meu dia lliure, res de correteigs, només relax!"
2025-07-25,"A sleek black cat wearing a miniature traditional keffiyeh, perched proudly atop a small globe. Around it, little flags from various nations flutter gently. The scene is captured in the style of lomography fisheye with vivid colors, emphasizing solidarity and unity.","Standin' tall, unitin' all - paw to paw!","Estic alt, unint a tots - pata a pata!"
2025-07-26,"A curious cat donned in a tiny, stylized park ranger hat, peering out from a maze of mangrove roots, overseeing a hidden stash of fish treats. The scene is captured in the style of lomography fisheye with vivid colors, highlighting the lush green and water reflections.","Oh noes, where didz I park my canoe?","On he deixat la meva canoa? Ai, miau!"
2025-07-27,"A cat dressed as a doctor, wearing a tiny stethoscope, examining a toy mouse patient on a small desk. Surrounding scene includes health-related books and posters about neck checking, all captured in the style of lomography fisheye with vivid colors.","I iz Dr. Cat, here to check yer neckz!","Soc el Dr. Cat, vinga, que et miro el coll!"
2025-07-28,"A cat dressed as a doctor, stethoscope around its neck, examining a large plush liver. The setting is a vibrant, colorful vet clinic with posters about pet health on the walls, all captured in the style of lomography fisheye with vivid colors.","Iz time for ur checkup, liver! No hissy fits!","És l'hora de la teva revisió, fetge! Sense renecs!"
2025-07-29,"A fluffy house cat dressed in a mini tiger costume, lounging grandiosely on a small jungle-themed set. Complete with a faux waterfall and tropical plants, the cat looks both majestic and mildly annoyed. Captured in the style of lomography fisheye with vivid colors.","Am tiger nao, fear mai stripey furryness!","Soc un tigre ara, temeu la meva peluditat ratllada!"
2025-07-30,"Two cats wearing tiny, mismatched national flags as capes, sitting atop a globe, sharing a bowl of treats. Background features whimsical flying paper planes and peace signs, captured through a lomography fisheye lens with vivid colors.",Dis my fren from fur away lands!,Aquest és el meu amic de terres molt peludes!
2025-07-31,"A fluffy cat dressed as a park ranger, complete with a tiny hat and badge, standing on a small model of a forest terrain. It's peering through a miniature binoculars towards a suspicious-looking stuffed squirrel. Background of vibrant greens and earth tones, captured in the style of lomography fisheye with vivid colors.","I protecc, I attacc, but mainly I track da snacc.","Protegeixo, ataco, però sobretot segueixo el menjarinet."
2025-08-01,"A chubby tabby cat dressed as a nurse, sitting in a tiny rocking chair with a bottle, surrounded by kitten plushies, all in a nursery setting. Scene captured in the style of lomography fisheye with vivid colors.","Nurse Kitteh on duty, feedin' all teh bebbeh plushies!","Infermera Gateta en servei, alimentant tots els peluixos bebè!"
2025-08-02,"Cat dressed in a colorful patchwork skirt and headscarf, playing a tiny violin, surrounded by vividly colored wagons. Scene captured in the style of lomography fisheye with vivid colors.",Dis fiddle song turnz yur Monday blues 'way!,Aquest violí esborra els blaus del dilluns!
2025-08-03,"Two cats, one wearing a tiny beret and another with a mini sombrero, sitting side-by-side on a bench in a cozy park setting, sharing a giant plate of spaghetti under a string of colorful lights. It’s a playful nod to the iconic scene from *Lady and the Tramp*, captured in the style of lomography fisheye with vivid colors.","Dis spaghetti be bettur wit u, fren!","Aquest espagueti és millor amb tu, amic!"
2025-08-04,"A chubby orange tabby cat sits at a tiny pub table, wearing a small Bavarian hat and surrounded by miniature beer mugs. The scene is shot in the style of lomography fisheye with vivid colors, emphasizing the festive atmosphere and the cat’s slightly tipsy expression.","Am da beer meowster, bring moar hops!","Sóc el mestre cerveser miau, més llúpols sisplau!"
2025-08-05,"A majestic cat wearing a colorful, handcrafted Indigenous poncho stands atop a scenic overlook, gazing fiercely into the sunset. The image is captured in the style of lomography fisheye with vivid colors, emphasizing the grandeur and humor in the cat's noble pose.",Dis my land. U has rezervations?,Aquest és el meu territori. Tens reserves?
2025-08-06,"A fluffy cat wearing a vibrant, feathered headdress, standing majestically atop a mossy rock. Surrounding it are lush, exaggeratedly colorful tropical plants. The scene is captured in the style of lomography fisheye lens with vivid colors, evoking a sense of grandeur and playfulness.","Dis ma kingdom, and I da proud tribal chief!","Aquest és el meu regne, i jo sóc el cap tribu orgullós!"
2025-08-07,"A chubby ginger cat sitting proudly in a miniature beer garden, wearing a small Bavarian hat and surrounded by tiny beer mugs. The scene is captured through a lomography fisheye lens, emphasizing the cat's amusingly serious expression and the vibrantly colored surroundings.",Cheers to da best beery day eva!,Un brindis pel millor dia de birra!
2025-08-08,"A cheerful cat wearing a tiny airline pilot uniform, perched on a globe, surrounded by little flags from multiple countries. The scene is captured through a lomography fisheye lens with vivid, exaggerated colors, emphasizing the festive, global celebration.",Happy Internashunal Cat Day! I can haz fly u anywhere?,Feliç Dia Internashunal del Gat! Et puc portar volant a qualsevol lloc?
2025-08-09,"A cat dressed in traditional indigenous attire, sitting proudly atop a woven textile. Surrounding it are small, colorful totems and natural elements, captured in the style of lomography fisheye with vivid colors.","Dis mai ancestoree look, much wow, so heritage!","Aquesta és ma mirada ancestral, molt guau, quin patrimoni!"
2025-08-10,"A fluffy Siamese cat dressed in a vibrant, traditional Indigenous poncho, sitting proudly atop an ancient ruin. Surrounding the scene are lush, exaggeratedly colorful tropical plants, capturing the essence through a lomography fisheye lens with vivid colors.","Dis my ancestral throne, bow befur me hoomans!","Aquest és el meu tron ancestral, inclina't davant meu, humans!"
2025-08-11,"A vibrant classroom scene with a cat wearing tiny glasses and a cap, sitting atop a stack of books, surrounded by globes and flags of various countries. The scene captures the cat mid-'lecture' to a group of plush animal 'students', all captured in the style of lomography fisheye with vivid colors.",Teachin’ da future boss ladies of da world!,Ensenyant a les futures capdavanteres del món!
2025-08-12,"A young cat wearing oversized headphones and flashy sunglasses, sprawled on a world map, surrounded by miniature flags of various countries. In the style of lomography fisheye with vivid colors.","DJ Youth in da howse, spinnin' globes, not records!","DJ Joventut al poder, girant globus, no discs!"
2025-08-13,"A quirky orange tabby cat, sitting at a left-handed artist's desk cluttered with paint tubes and brushes, wearing a tiny beret and a mock-mustache. This cat's paw is dabbing at a canvas, creating abstract art, all captured in the style of lomography fisheye with vivid colors.",Leftie paws make da best artz!,"Amb pota esquerra, faig els millors artz!"
2025-08-14,"A bold cat dressed as a prehistoric dinosaur, perched atop a terrarium that's home to a calm, unbothered lizard. Vivid tropical plants in the background enhance the jungle vibe, all captured in the style of lomography fisheye with vivid colors.","Dis my ancient cuzin, but why he no chase da ball?","Aquest és el meu cosí antic, però per què no persegueix la pilota?"
2025-08-15,"Fluffy white cat in a blue robe, perched on a cloud of pillows, paw raised regally. Nearby, a small dove perched on a branch. Scene captures a humorous heavenly vibe, in the style of lomography fisheye with vivid colors.",Dis iz not wut I xpected wen dey said 'ascension'!,Això no és el que esperava quan van dir 'ascensió'!
2025-08-16,"A cat dressed in a colorful native-patterned poncho, sitting majestically atop a mossy rock surrounded by lush forest. The scene captures a serene yet slightly humorous ambiance, showcasing the cat with a tiny traditional feathered headdress, in the style of lomography fisheye with vivid colors.","Dis mai ancestrul land, no touchie da sacred nip!","Aquesta és ma terra ancestral, no toquis l'herba sagrada!"
2025-08-17,"A chubby tabby cat dressed as a fluffy bee, buzzing around a giant, colorful flower pot, captured through a lomography fisheye lens emphasizing its wide, surprised eyes. The surrounding garden bursts with vivid colors.","Oh noes, am I a bee now? Must buzzy-buzz!","Oh no, ara sóc una abella? Toca zum-zum!"
2025-08-18,"A cat disguised as a detective, peering through a magnifying glass, in an office cluttered with ""missing"" milk cartons. The scene captures the cat mid-sleuth, with mysterious shadows and a hint of a hidden doorway, all shot in the style of lomography fisheye with vivid colors.","Hmm, where did all da milk go? Mystery tiem!",On s'ha amagat tota la llet? Temps de misteri!
2025-08-19,"A charismatic tabby cat dressed as a miniature humanitarian worker, complete with a tiny blue helmet and a badge, stands atop a small mound of plush toy mountains. The backdrop features a colorful, makeshift refugee tent, all captured in the style of lomography fisheye with vivid colors.","I haz come to savez ur dayz, hoomans!","He vingut a salvar els vostres dies, humans!"
2025-08-20,"A cat dressed as a tiny, heroic mosquito hunter, complete with a mini safari hat and makeshift, cardboard ""mosquito net"" fort. The cat peeks out playfully from under the net, surrounded by plastic toy mosquitoes, all captured in a lomography fisheye lens with exaggerated, vibrant colors.","Mosquitoez beware, dis hunter iz on patrole!","Mosquits, alerta! Aquest caçador està en patrulha!"
2025-08-21,"A dignified cat dressed as a peace ambassador, sitting solemnly in a miniature UN assembly made of cardboard, surrounded by flags of various nations. The scene is captured in the style of lomography fisheye with vivid colors.","I speaks for peace, no more booms pls!","Parlo per la pau, no més petards si us plau!"
2025-08-22,"A majestic cat dressed as a seafaring captain stands on a toy ship sailing across a vibrant blue rug that mimics the ocean, complete with plush wave ridges. The scene is captured in the style of lomography fisheye with vivid colors, highlighting the contrast between the cat’s serious expression and its playful surroundings.","Breaking chains, sailing free in me cattish sea!","Trencant cadenes, navego lliure en el meu mar miaulant!"
2025-08-23,"A majestic cat dressed as a historical liberator, standing atop a globe, captured in the style of lomography fisheye with vivid colors. Around the globe, small flags of various nations flutter.",I freez all teh kittehs! No more cattitude!,Llibero tots els gatets! Cap més cattitut!
2025-08-24,"A multicolored cat wearing a small UN peacekeeper's beret sits at a miniature round table, sharing a tiny pizza with a mouse. The background features small flags from around the world, and the scene is captured in the style of lomography fisheye with vivid colors.","No room for h8, only cheese pleez!","Sense espai per l'odi, només formatge, si us plau!"
2025-08-25,"A fluffy white cat in a detective hat, pondering over a world map with tiny pins and strings connecting various points, all captured through a lomography fisheye lens with vivid colors.",Where did all da sockz go? Investigashun timez!,On són tots els mitjons? Hora d'investigar!
2025-08-26,"Cat dressed as a freedom fighter, standing proudly on a stack of ancient books, holding a miniature flag. Background of world maps and globes. In the style of lomography fisheye with vivid colors.","I haz freedomz, no chains on meez!","Tinc llibertatz, sense cadenes aquí!"
2025-08-27,"A curious cat in a detective costume, peeking out from behind a stack of old, mysterious books, magnifying glass in paw. The setting has an old library vibe with dim, moody lighting, yet captured in the style of lomography fisheye with vivid colors.",I findz u! No hidez from detectiv kitteh!,T'he trobat! No t'amagues del detectiu miní!
2025-08-28,"A cat dressed in a small, colorful indigenous-inspired poncho and headband, sitting regally atop an ancient ruin. Surroundings hint at a lush, green rainforest. Captured in the style of lomography fisheye with vivid colors.","Dis mah kingdom, respect da roots!","Això és el meu regne, respecta les arrels!"
2025-08-29,"A cat dressed as a peace activist, wearing a tiny flower crown and round glasses, sits amidst a circle of miniature, unlit mock ""nuclear"" missiles made from cardboard. The scene captures the cat in a meditative pose, using a lomography fisheye lens to enhance the vivid, psychedelic colors swirling around.","No boom today, only purr n' peace vibes!","Sense bums avui, només ronrons i vibes de pau!"
2025-08-30,"Sleuth cat with detective hat peering through a magnifying glass, searching around a clutter of scattered papers and ""missing"" posters on a colorful wall. In the style of lomography fisheye with vivid colors.",I on da case of da missin sockz!,Estic en el cas dels mitjons desapareguts!
2025-08-31,"Cat wearing a tiny doctor's vest with a stethoscope, sitting beside a pile of colorful pill-shaped cat toys. The image is captured in the style of lomography fisheye with vivid colors, highlighting the playful yet educational aspect.","I haz prescription for play, no overdose plz!","Tinc una recepta per jugar, no te pases eh!"
2025-09-01,"A fluffy white cat wearing a tiny blue peace-symbol beret, sitting atop a globe-shaped cat bed, surrounded by miniature flags from various countries. The scene captures a quirky lomography fisheye effect with exceptionally vivid colors.",Who needz nukes wen u got purrs?,Qui vol bombes si tens ronroneigs?
2025-09-02,"A triumphant cat adorned in a miniature military-style uniform, standing atop a pile of plush toy ""tanks"", saluting with one paw. The background bursts with fireworks in the style of lomography fisheye with vivid colors.",I haz conquered all da squeaky tanks!,He conquistat tots els tancs que fan pip!
2025-09-03,"Sleuth cat in a detective hat and magnifying glass, peering behind a stack of old newspapers and dusty books, office setting. The cat’s eyes wide with a look of mock surprise. In the style of lomography fisheye with vivid colors.",I findz you! U no can hidez from inspector Whiskerz!,T'he trobat! No pots escapar de l'inspector Bigotis!
2025-09-04,"A cat dressed as a mini philanthropist in a tiny suit, seated at a lemonade stand marked ""Charity Fund"" with a tip jar overflowing with mouse toys, all under the glow of party lights. In the style of lomography fisheye with vivid colors.","Selling lemonadez for gud causez, all tipz in mousiez plz!","Venent llimonada per bones causes, tots els tipz en ratolins siusplau!"
2025-09-05,"A fluffy cat wearing a tiny, humorously oversized philanthropist's top hat and monocle, sitting atop a mound of catnip labeled 'For the needy kittens'. The scene is shot in the style of lomography fisheye with vivid colors, emphasizing the comical disparity between the cat's serious attire and the playful catnip.","I makes donations in stylez, fur a good claws!","Faig donacions amb estil, per una bona causa!"
2025-09-06,"A fluffy cat dressed as a scientist, peering through a giant magnifying glass at a leaf, in a bubble of clean, sparkling air. Surrounding setting reflects a green park filled with trees. Shot in the style of lomography fisheye with vivid colors.","I keepz da air cleanz, for all da naps unner da treez!","Mantinc l'aire net, per totes les migdiades sota els arbres!"
2025-09-07,"A cat dressed as a judge, perched loftily on a stack of books inside a miniature courtroom, gavel in paw. The background features a tiny flag of various nations draping the walls, all captured in the style of lomography fisheye with vivid colors.",Order in da court! Who stole ma catnip?,Ordre al tribunal! Qui m'ha robat l'herba-gat?
2025-09-08,"A scholarly cat wearing tiny round glasses, perched on a mountain of colorful books in a cozy corner of a library. The scene captures the cat momentarily distracted by a fluttering bookmark, shot in the style of lomography fisheye with vivid colors.",Dis not how I pictured literature. U sure dis rite?,Això no és com m'imaginava la literatura. Segur que és així?
2025-09-09,"A scholarly cat in a tiny graduation cap, sitting atop a pile of colorful, oversized books in a classroom setting. The books are a bit disheveled, symbolizing chaos, and the cat looks determined yet slightly overwhelmed. In the style of lomography fisheye with vivid colors.",Dis mah fight for smartz. Eduction shall not be pawzed!,Aquesta és la meva lluita per ser llest. No aturarem l'educació!
2025-09-10,"A fluffy white cat sitting on a window ledge decorated with small, colorful paper lanterns, looking contemplatively at the sunset. The scene is captured in the style of lomography fisheye with vivid colors, emphasizing the warmth and whimsy of the moment.","Sometimes, juzt need to paws and reflect, hooman.","De vegades, cal fer una pausa i reflexionar, humà."
2025-09-11,"A cat dressed as a peacekeeper, wearing a tiny blue beret and wrapped in a miniature European flag, sits atop a globe. The scene is shot in the style of lomography fisheye with vivid colors, emphasizing the cat's proud yet slightly confused expression.","I keeps da peace, but wherez Europe on dis thing?","Mantinc la pau, però on és Europa en aquesta bola?"
2025-09-12,"A poised cat dressed in a mini diplomat suit, sitting at a tiny, round UN-style table looking seriously at a globe, surrounded by other cats in cultural attire. In the style of lomography fisheye with vivid colors.","Dis how we doz peace talks, furrends!","Així fem les xarrades de pau, amics peluts!"
2025-09-13,"A cat dressed as a programmer, surrounded by computer monitors glowing with code, all shot in lomography fisheye with vivid colors. The cat wears glasses slightly askew, tapping a tiny keyboard with a focused expression.",I haz debugged da mouse. Now what?,He esborrat l'error del ratolí. I ara què?
2025-09-14,"A fluffy cat in a superhero cape and tiny lymphoma awareness ribbon, perched proudly on a globe. Styled in vibrant, lomography fisheye colors, emphasizing a sense of grandeur and whimsy.","Wearin' mah cape, savin' da werld, one lymphoma ribbon at a time!","Portant la meva capa, salvant el món, un llaç de limfoma cada vegada!"
2025-09-15,"A cat dressed in a miniature judge's robe and wig, perched atop a pile of old books, holding a tiny gavel. The scene takes place in a colorful, mock courtroom setting complete with miniature flags of different nations. Shot in the style of lomography fisheye with vivid colors.",Order in da court! Who stolez da catnip?,Orde al tribunal! Qui ha furtat l'herba de gat?
2025-09-16,"A cat dressed as an astronaut, floating in a bubble chair, surrounded by 'ozone layer' blue and green balloons. The cat has its paws out like it's touching the atmosphere, with Earth printed on a large balloon in the backdrop. Scene captured in the style of lomography fisheye with vivid colors.","Ozone layerz needz me, I'z on patrol!","La capa d'ozó em necessita, estic de vigilància!"
2025-09-17,"Cat dressed as a tiny doctor, oversized stethoscope around its neck, examining a teddy bear on a toy hospital bed. A colorful medical kit open nearby, in the style of lomography fisheye with vivid colors.","I iz da safest doctur, no worries!","Sóc el doctoret més segur, tranqui!"
2025-09-18,"A cat in a scientist coat too big for it, examining a water sample with oversized goggles, surrounded by miniature testing tools like beakers and a microscope. The backdrop displays a colorful, blurry riverbank. All captured in the style of lomography fisheye with vivid colors.",I'z da waterz detective. Tastin' for science!,Soc el detectiu de l'aiges. Degustant per la ciència!
2025-09-19,"A cheeky cat dressed in a pirate captain's outfit stands on the deck of a small cardboard ship, complete with a Jolly Roger flag. The scene captures the cat peering through a makeshift telescope towards the horizon, all under a vibrant, rainbow sky. In the style of lomography fisheye with vivid colors.","Yarr, where be da booty? I needs moar treats!","Yarr, on és el tresor? Necesito més premis!"
2025-09-20,"A fluffy white cat wearing a tiny blue peacekeeper helmet, sitting atop a globe. Doves perch on nearby branches, all viewed through a lomography fisheye lens with vivid colors.","I keeps da peace, plz no disturbin!","Mantinc la pau, no molesteu, si us plau!"
2025-09-21,"A charismatic cat outfitted as a sign language interpreter, sitting at a miniature podium, boldly signing with oversized paws. The backdrop features international flags and a comically large sign saying ""MEOW."" Photo captured in the style of lomography fisheye with vivid colors.","I speaks wit pawz, u understands wit heartz!","Parlo amb les potetes, entens amb el cor!"
2025-09-22,"A cat proudly sporting a rhino horn hat, standing on a small, grassy mound resembling a safari landscape. The background features a tiny 'mud pool' made of dark brown blanket. Shot in the style of lomography fisheye with vivid colors.","Dis mah horn, saving rhinos iz cool bizness!","Això és el meu corn, salvar rinoceronts mola!"
2025-09-23,"A fluffy white cat wearing a tiny interpreter's vest sits in the middle of a circle of kittens, using paw gestures to teach them 'cat sign language'. The background is bustling with colorful yarn balls and a chalkboard filled with drawn paw signs. All captured in the style of lomography fisheye with vivid colors.","Dis is how we do da meow-talk, kittehs!","Així es com fem la xerradeta miau, mininos!"
2025-09-24,"A cat dressed as a tiny, adorable sea captain, standing at the helm of a model ship in a kiddie pool. The cat looks determined and slightly confused, gazing out over the ""sea"" with a telescope. In the style of lomography fisheye with vivid colors.","Cap'n Fluff at da helm, where iz land tho?","Capità Pelut al timó, on és terra però?"
2025-09-25,"A cat dressed in a tiny lab coat, surrounded by colorful pill bottles, peeking from behind a giant prescription pad. The scene is captured through a lomography fisheye lens emphasizing vivid, saturated colors and the humorous expression of the cat pharmacist.",Dis new flavorz... not fur hoomans!,Aquests sabors nous... no són per humans!
2025-09-26,"A polyglot cat, donned in a miniature beret and scarf, sits atop a pile of books from various European authors, peeking curiously over a French dictionary. A backdrop of European landmarks posters adds to the ambiance. The image captures the essence in the style of lomography fisheye with vivid colors.","Dis many languages, but still can haz only one meow?","Tants idiomes, però només puc dir miau?"
2025-09-27,"A cheeky cat dressed as a tourist, complete with a floppy hat and sunglasses, standing on a miniature Eiffel Tower scratching post. Accessories include a camera hanging from its neck and a map held in its paw. The scene is captured in the style of lomography fisheye with vivid colors, emphasizing the adventure and playfulness.",Dis not Paris? GPS must be broked!,Això no és París? El GPS deu estar espatllat!
2025-09-28,"A curious cat wearing a miniature journalist’s hat, sitting atop a stack of newspapers and pawing at a magnifying glass, in the style of lomography fisheye with vivid colors.",I haz da right to noez all da things!,"Tinc el dret de saber-ho tot, miau!"
2025-09-29,"A fluffy cat dressed as a doctor with a tiny stethoscope, sitting proudly atop a giant plush heart, surrounded by smaller hearts floating in the air. The scene is captured in the style of lomography fisheye with vivid colors, emphasizing the surreal and whimsical atmosphere.","I checks heartz, ur love doctor iz in!","Jo reviso corasons, el vostre doctor d'amor és aquí!"
2025-09-30,"Cat wearing oversized headphones and a stack of international dictionaries, seated at a tiny office desk. Surrounded by flags from around the world fluttering chaotically, all captured in the style of lomography fisheye with vivid colors.",I translates all da meows into purrs!,Tradueixo tots els miols a ronroneigs!
2025-10-01,"Elderly cat with oversized glasses and a cozy knitted sweater, sitting on a rocking chair surrounded by classic vinyl records and a gramophone. The setting sun casts golden hues through the window, highlighted in a lomography fisheye style with vivid colors.",Dis wuz my jam back in da dayz!,Això era el meu ritme en aquells temps!
2025-10-02,"A serene ginger cat, wearing a Gandhi-inspired spectacles and white shawl, sits peacefully in a lotus position atop a small, colorful pillow. The scene is captured in the style of lomography fisheye with vivid colors, surrounded by flowers and soft lighting from candles.","I meditates for peace, no fightz, only purrz!","Medito per la pau, sense baralles, només ronroneigs!"
2025-10-03,"A plump cat dressed in a miniature Berlin Wall graffiti artist outfit, spray-painting 'UNITY' on a cardboard wall, surrounded by colorful autumn leaves. In the style of lomography fisheye with vivid colors.","Dis Wall needs mor colorz, Unity Purr-ject in progress!","Aquest mur necessita més colors, Projecte d'Unitat en marxa!"
2025-10-04,"A fluffy cat dressed as a lion, standing atop a globe, in a pose of conquest and pride. The setting mimics a wild jungle with plush toy animals gathered around in awe. Fisheye lomography lens captures the scene in vibrant, exaggerated colors.",Am king of da wild! Bow befur mi!,Soc el rei de la selva! Tots a reverenciar-me!
2025-10-05,"A chubby orange tabby cat perched on a pile of colorful books, wearing oversized round glasses and a bow tie, chalkboard in the background. Shot in the style of lomography fisheye with vivid colors.","Dis hooman holidai, but I educates u in napology!","Aquesta festa humana, però jo t'enseny dic a dormir bé!"
2025-10-06,"A plump, fluffy cat dressed in lederhosen, sitting proudly on a miniature replica of the Brandenburg Gate, surrounded by tiny beer mugs and pretzels. The photograph uses a lomography fisheye lens for a playful, distorted view with vivid colors.","Dis Oktoberfest, but wherez da sausages at?","Això és l'Oktoberfest, però on són les salsitxes?"
2025-10-07,"A curious cat in a tiny builder’s helmet, inspecting a small, colorful cardboard city on a living room rug. In the style of lomography fisheye with vivid colors.",Iz dis how u habitat? Asking fur a furend.,Això és com s'habita? Pregunto per un amigat.
2025-10-08,"A confident cat dressed in a miniature superhero cape stands atop a stack of books, looking out a window into a bright, colorful world. The scene captures the cat mid-meow, as if addressing an audience, in the style of lomography fisheye with vivid colors.",I haz dreams too! Watch meh conquer dem!,Tinc somnis també! Mireu-me conquistar-los!
2025-10-09,"A fluffy orange tabby cat dressed as a Viking, complete with a tiny helmet and a makeshift cardboard ship around its waist. The cat stands atop a lush green hill, looking out over a sea of blue blankets and cushions. In the style of lomography fisheye with vivid colors.",I discovers new lands... Where da fishies at?,He descobert terres noves... On són els peixets?
2025-10-10,"A cat wearing oversized glasses, seated on a pile of self-help books in a cozy, sunlit corner. The cat looks thoughtful, its paw touching its chin, surrounded by scattered colorful sticky notes with motivational quotes. In the style of lomography fisheye with vivid colors.",Thinkingz... I haz a self-care day!,Pensant... Avui toca autocura miau!
2025-10-11,"A confident calico cat dressed as a superhero, standing on a miniature globe, in the style of lomography fisheye with vivid colors, poised as if delivering an inspiring speech to an audience of plush toy kittens.",Gurl Pawa! Watch meh save da whirld!,Poder de noia! Mireu com salvo el món!
2025-10-12,"A cat dressed as a flamenco dancer, poised dramatically atop a table with a red and yellow tablecloth reflecting the Spanish flag. The background shows a small fiesta with other cats wearing miniature sombreros, all captured in the style of lomography fisheye with vivid colors.","Dis me, da fiercest flamencat dancer!","Jo sóc, el flamencat més valent!"
2025-10-13,"A cat dressed as a superhero, standing atop a model town made of cardboard. The set mimics a post-tornado landscape, with tiny overturned cardboard cars and houses. Captured in the style of lomography fisheye with vivid colors.","Not all heroez wear capes, sum wear whiskerz!","No tots els herois porten capa, alguns porten bigotis!"
2025-10-14,"A cat dressed in a tiny, meticulously detailed inspector outfit, standing beside a lineup of oddly-shaped mice measuring tapes, its ears perked high and tail twitching with authority. The backdrop includes a cartoonish, oversized ruler and colorful geometric shapes, all captured in the style of lomography fisheye with vivid colors.","I haz de standurds. U mice, keep it straight!","Tinc els estàndards. Ratolins, no torceu-vos!"
2025-10-15,"A cat dressed in a tiny straw hat and overalls, standing atop a haystack with a pitchfork, in a rustic barn setting. The scene is captured with a lomography fisheye lens, highlighting the vast farmland in the background and the bold sunset colors vividly painting the sky.","Am da rural queen, werkin da fields wif style!","Sóc la reina rural, treballant els camps amb estil!"
2025-10-16,"A chubby ginger cat dressed as a chef, surrounded by miniature global landmarks crafted from various foods (Eiffel Tower from baguettes, Pyramids from triangles of cheese), all captured through a lomography fisheye lens with vivid colors.","Dis world buffet iz mine, nom nom!","Aquest bufet mundial és meu, ñam ñam!"
2025-10-17,"A cat dressed as a mini businessman, sitting on a tiny cardboard box labeled ""BIZNEZ PLANZ"" in an alley, surrounded by crumpled paper balls. The scene is captured in the style of lomography fisheye with vivid colors.","I rebrandz, we all getz cheezburgerz!","Rebrandejo, tots tindrem hamburgueses de formatge!"
2025-10-18,"A middle-aged cat lounging on a recliner, wearing tiny reading glasses and a floral pattern robe, surrounded by a mess of knitting yarn and 'self-help' books. The scene is captured in the style of lomography fisheye with vivid colors.",Dis hot flash? More like yarn tornado!,Aquesta onada de calor? Més bé un tornado de llana!
2025-10-19,"A cat dressed in a mini doctor's coat, holding a tiny stethoscope, sitting atop a stack of health books. The setting is a colorful home office, with posters saying ""Meow for Health!"" In the style of lomography fisheye with vivid colors.","I checks ur heartbeatz, now gib me treats!","T'he revisat el cor, ara vull premis!"
2025-10-20,"A cat dressed as a tiny statistician, complete with glasses and a miniature tie, sitting on a pile of colorful graphs and pie charts, all shot through a lomography fisheye lens with vivid colors.","I crunch numbrs, now wheres ma fish?","Càlcul de dades, on és el meu peixet?"
2025-10-21,"A chubby tabby cat in a tiny sombrero and poncho, lounging atop a mountain of colorful nachos. Surrounding the cat are dips like guacamole and salsa, strategically spilled to resemble a Mexican fiesta. The scene captures the essence of indulgence and celebration, using a lomography fisheye lens to highlight the vivid colors and humorous contrast between the cat's serious expression and the festive environment.","Dis my nacho mountain, go find ur own!","Aquesta és la meva muntanya de nachos, busca la teva!"
2025-10-22,"A fluffy cat wearing a tiny professor's cap, standing behind a podium with multiple microphones, mid-meow with a stuttered expression. Background of colorful, mismatched curtains and oversized glasses decorating the scene. In the style of lomography fisheye with vivid colors.",I has a d-d-d-dream... of infinite tuna!,Tenc un s-s-somni... de tonyina infinita!
2025-10-23,"A fluffy snow leopard cat dressed in a tiny, humorous mountaineer outfit, complete with a faux fur-lined jacket and tiny goggles, sitting proudly atop a snowy mini-mountain made of piled-up plush pillows. The scene is captured in the style of lomography fisheye with vivid colors, emphasizing the playful exaggeration of the mountainous setup.",Am apex predator of pillow mountain! Fear meh!,Sóc el depredador cim del munt de coixins! Tremoleu!
2025-10-24,"A cat dressed as a diplomat with a tiny UN badge, sitting at a miniature round conference table surrounded by various national flags. The table has a small gavel and papers scattered around. In the style of lomography fisheye with vivid colors.",I calls dibs on da peace treaty cookies!,"Convoco la pausa per esmorzar, que vull galetes!"
2025-10-25,"A confident cat dressed as a miniature tech developer, sitting at a small desk cluttered with tiny computers and digital gadgets. The scene captures the cat intently staring at a glowing computer screen, surrounded by miniature world maps and coding books. In the style of lomography fisheye with vivid colors.","I fixez codez, I fixez worldz.","Arreglo codis, arreglo mons."
2025-10-26,"Playful cat wearing a cape divided into pink and blue halves, standing proudly on a globe, under a rainbow flag. In the style of lomography fisheye with vivid colors.","Feelingz proud, no confuze in ma fabulous cape!","Sentint-me orgullós, cap confusió amb la meva capa fabulosa!"
2025-10-27,"A cat dressed as a classic film director, sitting in a tiny director's chair, surrounded by mini old-fashioned film reels and cameras. The scene is captured in the style of lomography fisheye with vivid colors, emphasizing the retro charm.","Dis my blockbuster, needz moar catnip scenes!","Això és el meu gran èxit, falten escenes de catnip!"
2025-10-28,"A mischievous cat dressed as a popular animated character (e.g., Pikachu), clumsily trying to animate its own flipbook in a chaotic artist’s studio, surrounded by scattered crayons and papers. Captured in the style of lomography fisheye with vivid colors.",Dis drawing ting harder than it lookz!,Això de dibuixar és més difícil del que sembla!
2025-10-29,"A cat dressed as a tech wizard, surrounded by miniature computers and cables, all under a giant globe resembling the internet. The scene is captured in the style of lomography fisheye with vivid colors, emphasizing the cat's wide-eyed amazement at its creation.","I haz builded u a interwebz, plz to use wisely!","He construït un internet, usa'l amb seny, plis!"
2025-10-30,"A thrift-savvy cat dressed in a patchwork sweater of old socks, sitting proudly atop a pile of neatly folded second-hand clothes, peering through a cardboard sign that reads ""SALE"". The setting is captured in the style of lomography fisheye with vivid colors.","Dis not just fashion, it’s eco-smart!","Això no és només moda, és ecosàpient!"
2025-10-31,"A sleek, cosmopolitan cat dressed as a tiny urban planner, standing amidst miniature iconic buildings from cities around the world. Its tools — a little blueprint and a quirky oversized hard hat — sit nearby. The scene captures a bustling ""cat city"" planning vibe using a lomography fisheye lens, highlighting vivid colors.","Dis city ain't gonna plan itself, hooman!","Aquesta ciutat no es planificarà sola, humà!"
2025-11-01,"A chubby tabby cat dressed as a broccoli floret, sitting proudly in a farmers market basket surrounded by vegetables. The scene is captured through a lomography fisheye lens with vibrant, exaggerated colors, emphasizing the playful absurdity of the costume and the cat's slightly confused expression.",Meow ma broco-buddy! Who sayz vegz r just fur hoomanz?,"Miau, soc el broquil! Qui diu que només els humans mengen verdures?"
2025-11-02,"A cat dressed as a detective with a magnifying glass, sitting at a cluttered news desk piled with newspapers and a vintage typewriter. The scene is captured in the style of lomography fisheye with vivid colors, emphasizing the chaos and the cat's determined expression.","I haz all da nooz, no crimez hidden here!","Tinc totes les notis, cap crim amagat aquí!"
2025-11-03,"A cat dressed as a tiny, adorable radiologist, complete with a mini lab coat and playful fake X-ray glasses, examining a fish skeleton under a dramatized X-ray light. The room buzzes with vibrant, exaggerated medical equipment. All captured in the style of lomography fisheye with vivid colors.","I sees ur bonez, let's talkz about ur cat-scanz!","Veig els teus ossos, parlem dels teus gat-scans!"
2025-11-04,"A cat dressed as a detective, magnifying glass in paw, scrutinizing a pile of newspapers under a streetlamp. Background mimics a noir film set, littered with typewriters and old cameras. In the style of lomography fisheye with vivid colors.","No story too small, I always finds da truth!","Cap història és massa petita, sempre trobo la veritat!"
2025-11-05,"A Siamese cat dressed in a miniature aquatic explorer's outfit, standing on a plush globe with scattered toy boats around, under a makeshift wave made from a blue curtain. The scene captured in the style of lomography fisheye with vivid colors.","Tsunami trainin' day, hold onto yer fluff!","Dia de entrenament tsunami, agafa't fort al pelatge!"
2025-11-06,"A cat adorned in a mini camouflage outfit, inspecting a tiny, leaf-covered helmet, amidst a backdrop of lush, oversized houseplants. The scene is shot in the style of lomography fisheye with vivid colors, giving it a quirky, exaggerated perspective.","I protecc da green, no fights, only naps here!","Protegeixo el verd, cap lluita, només migdiades aquí!"
2025-11-07,"A cat dressed as a peacekeeper with a tiny blue helmet, sitting atop a small mound of plush green earth-shaped pillows, holding a miniature white flag. The scene captures the essence of mediation, all shot in the style of lomography fisheye with vivid colors.","Keepin' da peace, one nap at a time!","Mantenint la pau, una sesteta a la vegada!"
2025-11-08,"A cat dressed as a radiologist examining a series of X-ray films hung on a glowing light board, wearing tiny glasses and a lab coat. The scene is captured in the style of lomography fisheye with vivid colors, highlighting the cat's serious yet slightly comical expression as it scrutinizes the X-rays.","I sees ur bonez, but where iz da treats?","Veig els teus ossos, però on són les llaminadures?"
2025-11-09,"A proud cat dressed as a miniature Statue of Liberty, holding a tiny torch, standing atop a globe. In the style of lomography fisheye with vivid colors.","Free at last! Dis torch ain't heavy, it's ma freedom!","Llibertat al final! Aquesta torxa no pesa, és la meva llibertat!"
2025-11-10,"A cat dressed as a little scientist, complete with a tiny lab coat and goggles, sitting in a miniature lab, examining a glowing green test tube. The setup includes microscopes, beakers, and a chalkboard with cat-scratch equations. All viewed through the style of lomography fisheye with vivid colors.",I haz found da formula fur peace! Or iz it fur tuna?,He descobert la fórmula per la pau! O és per al tonyina?
2025-11-11,"A dignified cat wearing a tiny, meticulously detailed military uniform, seated beside a small bouquet of poppies. Its posture is upright and solemn, with a vaguely confused look as if unsure why it's dressed so formally. The background shows a green field softly blurred by the lomography fisheye effect, enhancing the vivid colors of the poppies and the cat's attire.","I weers dis, but wherz da parade?","Porto això, però on és la desfilada?"
2025-11-12,"A brave kitty in a superhero cape stands atop a pile of historical books about peace and unity, facing a wind-blown flag that mixes various national colors. The scene captures the bold stance against division, snapped in the style of lomography fisheye with vivid colors.","Stand tall, stand floofy against da bad vibes!",Estem alts i peluts contra les males vibracions!
2025-11-13,"A fluffy white cat wearing a tiny blue superhero cape, perched heroically on top of a mound of donated clothes and toys, surrounded by grateful plush animals. All captured in the style of lomography fisheye with vivid colors.",I haz saved da day with cuddlez and kindness!,He salvat el dia amb abraçades i amabilitat!
2025-11-14,"A chubby tabby cat dressed in a light blue nurse outfit, sitting at a tiny desk cluttered with miniature healthy fruits and a giant glucose meter. The background is a brightly colored kitchen, all captured in the style of lomography fisheye with vivid colors.","Dis my diabetez checkpoint, bring snacks for checkup plz!","Aquesta és la meva estació de control de la diabetis, porta snacks per revisió!"
2025-11-15,"Cat donning a superhero cape made of recycled materials, perched atop a mountain of colorful recycled bottles and cans, striking a heroic pose. In the style of lomography fisheye with vivid colors.","Savin' da planet, one can at a time!","Salvant el planeta, una llauna cada vegada!"
2025-11-16,"A multicolored cat wearing a tiny U.N. peacekeeper's helmet, sitting on a globe in a sunny park, surrounded by various flags. In the style of lomography fisheye with vivid colors.","I haz peacekeeperz, making frenz not fights!","Soc pacificador, fent amics, no baralles!"
2025-11-17,"Tiny kitten wearing an oversized doctor's coat and stethoscope, lounging in a mini-hospital crib surrounded by tiny plush toys shaped like hearts and stars. The scene captures the essence of a miniature NICU, shot in the style of lomography fisheye with vivid colors.","I iz too smol for dis coat, but I protec all the smoller ones!","Soc massa petit per aquesta bata, però protegeixo tots els més petits!"
2025-11-18,"A fluffy white cat dressed as a doctor, surrounded by colorful antibiotic pills and a stethoscope, examining a teddy bear patient. The scene captured in the style of lomography fisheye with vivid colors.",I prescrib u a big dose of cuddlez!,Et recepto una gran dosi de moixaines!
2025-11-19,"A fluffy orange cat sitting proudly on a closed toilet, dressed in a royal robe and crown, amidst a bathroom decked out like a throne room. The image should have the distinctive distortion of a lomography fisheye lens with vivid, playful colors.","Iz da king of da throne room, bow befur me!","Soc el rei del tron, tots a reverenciar-me!"
2025-11-24,"A confident cat dressed in a superhero cape, striking a pose on a cityscape background, paw up as if stopping traffic. In the style of lomography fisheye with vivid colors.","No room for grumpy attitudes, only purr-power here!","Cap espai per actituds grunyidores, només poder de ronroneig aquí!"
2025-11-25,"A bold orange tabby cat dressed as a superhero, complete with a flowing purple cape, stands atop a globe, looking fiercely into the distance. Background displays fluttering peace flags and small doodles of hearts and paws. The scene captures the essence in the style of lomography fisheye with vivid colors.","Standz tall, claws out, no more bad vibez!","Alçats forts, urpes fora, prou males energies!"
2025-11-26,"A cat dressed in a superhero cape, standing atop a pile of shredded ""mean"" newspapers, in the style of lomography fisheye with vivid colors. The superhero pose is proud and defiant, with a backdrop of cartoonish city skyline.","Am da defender of peace, no bullies on mai watch!","Sóc el defensor de la pau, cap abusador no passarà!"
2025-11-27,"A plump orange tabby cat dressed in a miniature diplomat's suit, sitting at a tiny UN-style roundtable, surrounded by microphones and flags, including a Palestinian flag. The setting is outdoors under an olive tree, captured in the style of lomography fisheye with vivid colors.","Standin' fur peace, one nap at a time!","Defensant la pau, una sesta alhora!"
2025-11-28,"A fierce lolcat dressed as a superhero, standing proudly on a stack of books labeled ""Gender Equality"", ""Respect"", and ""Peace"". The background shows a graffiti wall with colorful peace symbols and hearts, all captured in the style of lomography fisheye with vivid colors.","Paws for respect, claws for justice!","Potes per respecte, urpes per justícia!"
2025-11-29,"A charismatic cat wearing a miniature keffiyeh, perched on a globe, looking thoughtfully at a map of Palestine. The scene is captured through a lomography fisheye lens, highlighting the vivid colors of the keffiyeh and the map. The setting includes a peace symbol subtly integrated in the background.",I can has peace an cheezburgers for everyonez?,Puc tenir pau i hamburgueses de formatge per tots?
2025-11-30,"A tech-savvy feline, wearing oversized glasses and a miniature hacker hoodie, is caught typing away at a neon-colored, retro-styled computer. Strewn around this cat-command center are crumpled papers labeled ""passwords"" and a coffee mug shaped like a keyboard. The setting uses a lomography fisheye lens with vivid, high-contrast colors to enhance the comedic and exaggerated spy-like atmosphere.",Oooops! Caught me guardin' teh cybercookies!,Ups! M'has pillat protegint les galetes cibernètiques!
2025-12-01,"A cat wearing a tiny, adorable red ribbon around its neck basks under a spotlight, symbolizing the red ribbon for World AIDS Day. The scene captures the cat on a vet-style examination table, surrounded by oversized plush microbes and stethoscopes, all shot in the style of lomography fisheye with vivid colors.","I wears dis ribbon... fur awareness, not fur fashion!","Porto aquesta llaç... per conscienciació, no per moda!"
2025-12-02,"A cat dressed in a traditional barrister's wig and robe, sitting nobly at a tiny judge's bench, paw raised as if taking an oath. Book shelves filled with old law tomes in the background, all captured in the style of lomography fisheye with vivid colors.","No moar pawppression, only justice!","Cap més opresió, només justícia!"
2025-12-03,"A cat wearing tiny glasses and equipped with a superhero cape, poised in a heroic stance on a wheelchair, set against a bold, colorful cityscape backdrop. Capture this in the style of lomography fisheye with vivid colors.","No capes needed, I haz epic wheelz!","No necessito capa, tinc rodes èpiques!"
2025-12-04,"A chic tabby cat, dressed in a tiny banker's suit and glasses, sitting at a miniature bank teller window complete with a toy cash register and stacks of Monopoly money. The scene captures with a lomography fisheye lens, bursting with vivid colors, showcasing a humorous financial transaction.",I can haz ur loan approved?,"Puc aprovar el teu crèdit, miau?"
2025-12-05,"A cat dressed in a tiny business suit, sitting atop a pile of paperwork, surrounded by miniature office plants and a small globe. The setting mimics an office environment, emphasizing the theme of international economic and social development. The image is captured in the style of lomography fisheye with vivid colors, giving it a quirky, exaggerated perspective.","Bizness cat doin' the developz, wurldwide!","Gat empresari fent desenrotllament, per tot el món!"
2025-12-06,"A confident cat, dressed in a superhero cape, stands atop a pink pillow podium in a room draped in purple and white banners. The scene is captured through a lomography fisheye lens, bursting with vivid colors to emphasize empowerment.",No toleranz fur bad hoomans! Watch meh saves da day!,Cap tolerància per els humans dolents! Mireu-me salvar el dia!
2025-12-07,"A fluffy cat dressed as a pilot, oversized aviator goggles on, sitting in a cardboard airplane with controls and dials humorously drawn on. The vivid, fisheye lomography backdrop shows a colorful sky with puffy clouds and another cat in a similar plane flying by. In the style of lomography fisheye with vivid colors.","Am ready for takeoff, bring da kibbles to flight deck!","Preparat pa enlairar-me, porta les croquetes al cockpit!"
2025-12-08,"A cat, dressed as a detective with a magnifying glass, inspecting a pile of shredded ""confidential"" documents in an office. The scene is captured through a lomography fisheye lens with vivid colors, highlighting the chaos of papers and a comically serious cat encounter.",No bribez can hide from Inspector Whiskerz!,Cap suborn se'n escapa de l'Inspector Bigotis!
2025-12-09,"A cat dressed as a detective, magnifying glass in paw, examining a scattered heap of fishy ""bribes"" in a dark alley. In the style of lomography fisheye with vivid colors.",No fishy business on mai watch!,No hi ha marxa enrere amb les meves investigacions!
2025-12-10,"A cat wearing a small, superhero-style cape stands atop a stack of books titled 'Equality,' 'Freedom,' and 'Rights,' facing a wind machine that makes the cape flutter dramatically. In the style of lomography fisheye with vivid colors.","I fites for ur rites, one pawsome cape swoosh at a time!","Lluito pels teus drets, un vol de capa espectacular a la vegada!"
2025-12-11,"A fluffy cat wearing a tiny, adorable mountaineer outfit complete with a mini backpack and a fake ice axe, standing triumphantly on a small, fake snowy mountain peak made of pillows. The background features a comically oversized mountain poster, all captured in the style of lomography fisheye with vivid colors.","Dis ma Everest, climbd it in 2 jumps!","Això és el meu Everest, l'he escalat amb dos salts!"
2025-12-12,"A cat dressed in a referee's outfit, sitting calmly in the middle of a miniature world map, surrounded by tiny flags of various countries. The scene captures the cat with an indifferent expression, photographed in the style of lomography fisheye with vivid colors.","I sits in da middle, makin' no sides, jus' peace.","Estic al mig, sense prendre partit, només pau."
2025-12-13,"A fluffy cat dressed in a tiny, humorous horse costume, standing heroically on a small saddle. The scene captures the moment in a meadow with daisies, under a bright sun, executed in the style of lomography fisheye with vivid colors.","I iz horsie now, behold mah majestik trot!","Ara soc un cavallet, mireu el meu trot majèstic!"
2025-12-14,"A fluffy mountaineer cat, ears decked in a tiny knitted beanie, clutching a small flag atop a snowy cardboard mountain. Scene captured through a lomography fisheye lens, vivid colors enhancing the frosty backdrop and the cat's triumphant expression.","Dis Everest? Nope, jus my litter box remodel!","Això és l'Everest? No, és la remodelació de la meva caixa de sorra!"
2025-12-15,"A stylish cat wearing a tiny, elaborate tea-party hat, surrounded by miniature teacups and saucers, all set on a plush pillow. The cat poses regally, with one paw elegantly resting on a teapot. Captured in the style of lomography fisheye with vivid colors, emphasizing the quirky charm of the scene.","Dis mah fancy tea pawty, u joinin?","Aquesta és la meva tetera sofisticada, vens a la festa?"
2025-12-16,"Two cats, one wearing a tiny blue UN peacekeeper helmet and the other donning a diplomat's sash, sitting on a globe-shaped cushion, discussing over a miniature treaty document. The scene is captured in the style of lomography fisheye with vivid colors.","Letz make peace, not scratchez!","Fem paws pau, no arranyades!"
2025-12-17,"A confident cat clad in a superhero cape, posing defiantly atop a cityscape backdrop of cardboard boxes mimicking skyscrapers. Lighting striking dramatically in the background. In the style of lomography fisheye with vivid colors.","Standin' tall, fightin' fur justice!",De peu i lluitant per la justícia!
2025-12-18,"A cat dressed as a globe-trotting adventurer, complete with a tiny suitcase and a camera, stands at a miniature airport terminal, gazing at a boarding gate. The scene is captured in the style of lomography fisheye with vivid colors.","New crib, who dis? Explorin' da worldz!","Nou cau, qui és? Explorant els mons!"
2025-12-19,"A cheerful cat wearing a tiny UN peacekeeper's beret, sitting atop a globe, surrounded by flags from various countries. The background features a festive, international fair setting. Captured in the style of lomography fisheye with vivid colors.","Soliderity iz our superpower! World peas, plz!","Solidaritat és la nostra superforça! Pau mundial, sisplau!"
2025-12-20,"A fluffy tabby cat wearing a tiny pilot's cap and goggles, sitting in a cardboard suitcase surrounded by postcards from around the world. The suitcase sits in an airport lounge, other cats with mini luggage stroll by. In the style of lomography fisheye with vivid colors.","Jus landed, wherez my catnip at?","Acabo d'aterrar, on és la meva herba-gat?"
2025-12-21,"A plump orange tabby cat doing the ""downward dog"" yoga pose on a small, vibrant yoga mat, surrounded by peaceful garden elements. The scene captures the essence with a lomography fisheye lens, emphasizing the stretching cat and blooming flowers around in vivid colors.","Stretchin' me whiskers, feelin' da zen.","Estirant els bigotis, sentint el zen."
2025-12-22,"A plump cat dressed in a miniature solar panel suit, lounging atop a sunny windowsill basking in the sunlight. The setting includes a small windmill toy by its side, all captured in the style of lomography fisheye with vivid colors.",Sunbathin' n savin' energyz… dis is da life!,Prendre el sol i estalviar energia... això sí que és vida!
2025-12-23,"A cat dressed as a diplomat with tiny glasses and a formal suit, sitting at a miniature round table covered with colorful flags from various countries. The table is outside under a palm tree, hinting at a tropical locale. All captured through a lomography fisheye lens, bursting with vivid colors.","Hooman, am here to negotiate moar treats!","Huma, estic aquí per negociar més premis!"
